{
  "ateste.defs.ts": [],
  "ateste.test.ts": [
    "./_100554_tsTestAST"
  ],
  "ateste.ts": [
    "lit",
    "lit/decorators.js",
    "_100554_collabLitElement",
    "./_102008_folder1/ateste"
  ],
  "bteste.defs.ts": [],
  "bteste.test.ts": [
    "./_100554_tsTestAST"
  ],
  "bteste.ts": [],
  "cteste.defs.ts": [],
  "cteste.test.ts": [
    "./_100554_tsTestAST"
  ],
  "cteste.ts": [],
  "designSystem.ts": [
    "./_100554_designSystemBase"
  ],
  "dteste.defs.ts": [],
  "dteste.test.ts": [
    "./_100554_tsTestAST"
  ],
  "eteste.defs.ts": [],
  "eteste.test.ts": [
    "./_100554_tsTestAST"
  ],
  "eteste.ts": []
}