{
  "lastModified": "2025-07-02T14:17:33.476Z",
  "files": [
    {
      "ShortPath": "l0/README.md",
      "versionRef": "9bd6734b046a6765b7fd19f17a8b6bec7d549ec5",
      "Length": 14,
      "update_at": "2025-07-02T14:17:08.000Z"
    },
    {
      "ShortPath": "l2/designSystem.ts",
      "versionRef": "605021c2eb7790ca24c625ff007c282cf90eb18c",
      "Length": 16178,
      "update_at": "2025-07-02T14:17:14.000Z"
    },
    {
      "ShortPath": "l5/project.json",
      "versionRef": "4a432f0cee62f30004d1b0f0a8e80dd4208c27ef",
      "Length": 365,
      "update_at": "2025-07-02T14:17:13.000Z"
    },
    {
      "ShortPath": "l0/package.json",
      "versionRef": "6ec8621a1b7fbcf40592fffb9e6e9fe25a53d46b",
      "Length": 470,
      "update_at": "2025-07-02T14:17:10.000Z"
    },
    {
      "ShortPath": "l0/tsconfig.json",
      "versionRef": "6a95f6e8d8e3042af5f58de9c691a455a7221647",
      "Length": 1191,
      "update_at": "2025-07-02T14:17:11.000Z"
    }
  ]
}