{
  "lastModified": "2025-08-04T18:32:32.241Z",
  "files": [
    {
      "ShortPath": "l0/README.md",
      "versionRef": "9bd6734b046a6765b7fd19f17a8b6bec7d549ec5",
      "Length": 14,
      "update_at": "2025-07-02T14:17:08.000Z"
    },
    {
      "ShortPath": "l2/ateste.defs.ts",
      "versionRef": "f903a4c71638841530502f2bc119f498918d2ad6",
      "Length": 80,
      "update_at": "2025-08-04T18:29:49.000Z"
    },
    {
      "ShortPath": "l2/ateste.html",
      "versionRef": "a4d2bd9322d06e608ab0f9277a9f9257dfdc6098",
      "Length": 31,
      "update_at": "2025-07-02T18:31:03.000Z"
    },
    {
      "ShortPath": "l2/ateste.less",
      "versionRef": "2ff918ab9e998788302885b1fb7d4d9cb32ea534",
      "Length": 4275,
      "update_at": "2025-07-02T18:31:03.000Z"
    },
    {
      "ShortPath": "l2/ateste.test.ts",
      "versionRef": "b92ac71597c601f6e23ae502710af21715fa1989",
      "Length": 248,
      "update_at": "2025-08-04T18:29:49.000Z"
    },
    {
      "ShortPath": "l2/ateste.ts",
      "versionRef": "a30a177a8ea182d13f80236f60a47e4a29c74a93",
      "Length": 860,
      "update_at": "2025-08-04T18:29:49.000Z"
    },
    {
      "ShortPath": "l2/designSystem.ts",
      "versionRef": "605021c2eb7790ca24c625ff007c282cf90eb18c",
      "Length": 16178,
      "update_at": "2025-07-02T14:17:14.000Z"
    },
    {
      "ShortPath": "l2/folder1/ateste.defs.ts",
      "versionRef": "e35d44af298c53024c3b5b66b9c204de7e11ae7e",
      "Length": 87,
      "update_at": "2025-08-04T18:29:49.000Z"
    },
    {
      "ShortPath": "l2/folder1/ateste.html",
      "versionRef": "dca54c5b54cdd491217ba763a8377d51e81eb239",
      "Length": 49,
      "update_at": "2025-08-04T18:29:49.000Z"
    },
    {
      "ShortPath": "l2/folder1/ateste.less",
      "versionRef": "5eab3b4815d60791e31e70afb1b39fb5ae050dc1",
      "Length": 165,
      "update_at": "2025-08-04T18:32:04.000Z"
    },
    {
      "ShortPath": "l2/folder1/ateste.test.ts",
      "versionRef": "6872252199d3b8cc3f38c6fee6482a6b9e05de5b",
      "Length": 255,
      "update_at": "2025-08-04T18:29:49.000Z"
    },
    {
      "ShortPath": "l2/folder1/ateste.ts",
      "versionRef": "d77ec309980e230bda1d8b9e7e6b82fa421595df",
      "Length": 626,
      "update_at": "2025-08-04T18:29:49.000Z"
    },
    {
      "ShortPath": "l5/project.json",
      "versionRef": "4a432f0cee62f30004d1b0f0a8e80dd4208c27ef",
      "Length": 365,
      "update_at": "2025-07-02T14:17:13.000Z"
    },
    {
      "ShortPath": "l0/package.json",
      "versionRef": "6ec8621a1b7fbcf40592fffb9e6e9fe25a53d46b",
      "Length": 470,
      "update_at": "2025-07-02T14:17:10.000Z"
    },
    {
      "ShortPath": "l0/tsconfig.json",
      "versionRef": "6a95f6e8d8e3042af5f58de9c691a455a7221647",
      "Length": 1191,
      "update_at": "2025-07-02T14:17:11.000Z"
    }
  ]
}