{
  "lastModified": "2025-11-17T18:12:57.036Z",
  "files": [
    {
      "shortPath": "l0/README.md",
      "versionRef": "9bd6734b046a6765b7fd19f17a8b6bec7d549ec5",
      "Length": 14,
      "update_at": "2025-07-02T14:17:08.000Z"
    },
    {
      "shortPath": "l2/ateste.defs.ts",
      "versionRef": "98d6216d050a9c92e4af843415b1ac4240a39dd7",
      "Length": 79,
      "update_at": "2025-08-12T13:09:16.000Z"
    },
    {
      "shortPath": "l2/ateste.html",
      "versionRef": "a4d2bd9322d06e608ab0f9277a9f9257dfdc6098",
      "Length": 31,
      "update_at": "2025-07-02T18:31:03.000Z"
    },
    {
      "shortPath": "l2/ateste.less",
      "versionRef": "0909b64cf553b38f1e60c6920d8108e51bc7229e",
      "Length": 4276,
      "update_at": "2025-08-04T19:13:59.000Z"
    },
    {
      "shortPath": "l2/ateste.test.ts",
      "versionRef": "b92ac71597c601f6e23ae502710af21715fa1989",
      "Length": 248,
      "update_at": "2025-08-04T18:29:49.000Z"
    },
    {
      "shortPath": "l2/ateste.ts",
      "versionRef": "5a56f8d7bf51b44fede8ca63d605ae5dc456f371",
      "Length": 866,
      "update_at": "2025-11-17T17:20:23.000Z"
    },
    {
      "shortPath": "l2/bteste.defs.ts",
      "versionRef": "186bb8e7b8c6003a2476e35f833446918897fc51",
      "Length": 80,
      "update_at": "2025-11-17T14:07:50.000Z"
    },
    {
      "shortPath": "l2/bteste.html",
      "versionRef": "a0bd904b7b5cbaa14b9c2e5c180e243a85ee078c",
      "Length": 15,
      "update_at": "2025-11-17T17:17:25.000Z"
    },
    {
      "shortPath": "l2/bteste.less",
      "versionRef": "1b2bc1cf80ba8259c8728f606571278663fc8eaf",
      "Length": 131,
      "update_at": "2025-11-17T17:16:55.000Z"
    },
    {
      "shortPath": "l2/bteste.test.ts",
      "versionRef": "9f86255417863dbf5edd992ddff115eaaebf5fbc",
      "Length": 248,
      "update_at": "2025-11-17T14:07:51.000Z"
    },
    {
      "shortPath": "l2/bteste.ts",
      "versionRef": "e5aa6eb812005d0b8046db557160382aa415258e",
      "Length": 79,
      "update_at": "2025-11-17T17:24:06.000Z"
    },
    {
      "shortPath": "l2/cteste.defs.ts",
      "versionRef": "c00157279d546a3398fa3aa4962d9c1c79b2a29b",
      "Length": 80,
      "update_at": "2025-11-17T17:17:02.000Z"
    },
    {
      "shortPath": "l2/cteste.html",
      "versionRef": "232004b42cc17a87896c7370d8624280db6a892b",
      "Length": 15,
      "update_at": "2025-11-17T14:07:51.000Z"
    },
    {
      "shortPath": "l2/cteste.less",
      "versionRef": "683d9811d781e1a0cf170874beae8d8710dcded3",
      "Length": 131,
      "update_at": "2025-11-17T17:17:26.000Z"
    },
    {
      "shortPath": "l2/cteste.test.ts",
      "versionRef": "a417844aea565d6add58733f5ce50dcc7a114f28",
      "Length": 248,
      "update_at": "2025-11-17T17:31:42.000Z"
    },
    {
      "shortPath": "l2/cteste.ts",
      "versionRef": "8ad3ab43d906ff762b6d9d3dabac62808057e27f",
      "Length": 94,
      "update_at": "2025-11-17T17:44:50.000Z"
    },
    {
      "shortPath": "l2/designSystem.ts",
      "versionRef": "605021c2eb7790ca24c625ff007c282cf90eb18c",
      "Length": 16178,
      "update_at": "2025-07-02T14:17:14.000Z"
    },
    {
      "shortPath": "l2/dteste.defs.ts",
      "versionRef": "c0e669c3f20a4e4ebc042dd54289a9527c4bd6c9",
      "Length": 80,
      "update_at": "2025-11-17T14:07:52.000Z"
    },
    {
      "shortPath": "l2/dteste.html",
      "versionRef": "fb4dd14fd5e932f73e97a8a59964c0b65e87c2dd",
      "Length": 15,
      "update_at": "2025-11-17T17:17:03.000Z"
    },
    {
      "shortPath": "l2/dteste.less",
      "versionRef": "6c51b42f217bab515c92441bd53055fa70f8e569",
      "Length": 131,
      "update_at": "2025-11-17T17:17:26.000Z"
    },
    {
      "shortPath": "l2/dteste.test.ts",
      "versionRef": "604fe9c6b609d217310e868a2072a1cd1d09c0c2",
      "Length": 248,
      "update_at": "2025-11-17T17:17:03.000Z"
    },
    {
      "shortPath": "l2/folder1/ateste.defs.ts",
      "versionRef": "e35d44af298c53024c3b5b66b9c204de7e11ae7e",
      "Length": 87,
      "update_at": "2025-08-04T18:29:49.000Z"
    },
    {
      "shortPath": "l2/folder1/ateste.html",
      "versionRef": "dca54c5b54cdd491217ba763a8377d51e81eb239",
      "Length": 49,
      "update_at": "2025-08-04T18:29:49.000Z"
    },
    {
      "shortPath": "l2/folder1/ateste.less",
      "versionRef": "5eab3b4815d60791e31e70afb1b39fb5ae050dc1",
      "Length": 165,
      "update_at": "2025-08-04T18:32:04.000Z"
    },
    {
      "shortPath": "l2/folder1/ateste.test.ts",
      "versionRef": "6872252199d3b8cc3f38c6fee6482a6b9e05de5b",
      "Length": 255,
      "update_at": "2025-08-04T18:29:49.000Z"
    },
    {
      "shortPath": "l2/folder1/ateste.ts",
      "versionRef": "61717bbf5ca041dec69a9801923bb4ac36e313af",
      "Length": 642,
      "update_at": "2025-11-17T14:07:50.000Z"
    },
    {
      "shortPath": "l5/project.json",
      "versionRef": "4a432f0cee62f30004d1b0f0a8e80dd4208c27ef",
      "Length": 365,
      "update_at": "2025-07-02T14:17:13.000Z"
    },
    {
      "shortPath": "l0/package.json",
      "versionRef": "6ec8621a1b7fbcf40592fffb9e6e9fe25a53d46b",
      "Length": 470,
      "update_at": "2025-07-02T14:17:10.000Z"
    },
    {
      "shortPath": "l0/tsconfig.json",
      "versionRef": "6a95f6e8d8e3042af5f58de9c691a455a7221647",
      "Length": 1191,
      "update_at": "2025-07-02T14:17:11.000Z"
    }
  ]
}