{
  "lastModified": "2025-11-17T14:32:18.563Z",
  "files": [
    {
      "shortPath": "l0/README.md",
      "versionRef": "9bd6734b046a6765b7fd19f17a8b6bec7d549ec5",
      "Length": 14,
      "update_at": "2025-07-02T14:17:08.000Z"
    },
    {
      "shortPath": "l2/ateste.defs.ts",
      "versionRef": "98d6216d050a9c92e4af843415b1ac4240a39dd7",
      "Length": 79,
      "update_at": "2025-08-12T13:09:16.000Z"
    },
    {
      "shortPath": "l2/ateste.html",
      "versionRef": "a4d2bd9322d06e608ab0f9277a9f9257dfdc6098",
      "Length": 31,
      "update_at": "2025-07-02T18:31:03.000Z"
    },
    {
      "shortPath": "l2/ateste.less",
      "versionRef": "0909b64cf553b38f1e60c6920d8108e51bc7229e",
      "Length": 4276,
      "update_at": "2025-08-04T19:13:59.000Z"
    },
    {
      "shortPath": "l2/ateste.test.ts",
      "versionRef": "b92ac71597c601f6e23ae502710af21715fa1989",
      "Length": 248,
      "update_at": "2025-08-04T18:29:49.000Z"
    },
    {
      "shortPath": "l2/ateste.ts",
      "versionRef": "f43600945a7ba642c340b8f45215532d96e15e44",
      "Length": 1156,
      "update_at": "2025-11-17T14:00:16.000Z"
    },
    {
      "shortPath": "l2/bteste.defs.ts",
      "versionRef": "186bb8e7b8c6003a2476e35f833446918897fc51",
      "Length": 80,
      "update_at": "2025-11-17T14:07:50.000Z"
    },
    {
      "shortPath": "l2/bteste.test.ts",
      "versionRef": "9f86255417863dbf5edd992ddff115eaaebf5fbc",
      "Length": 248,
      "update_at": "2025-11-17T14:07:51.000Z"
    },
    {
      "shortPath": "l2/cteste.html",
      "versionRef": "232004b42cc17a87896c7370d8624280db6a892b",
      "Length": 15,
      "update_at": "2025-11-17T14:07:51.000Z"
    },
    {
      "shortPath": "l2/designSystem.ts",
      "versionRef": "605021c2eb7790ca24c625ff007c282cf90eb18c",
      "Length": 16178,
      "update_at": "2025-07-02T14:17:14.000Z"
    },
    {
      "shortPath": "l2/dteste.defs.ts",
      "versionRef": "c0e669c3f20a4e4ebc042dd54289a9527c4bd6c9",
      "Length": 80,
      "update_at": "2025-11-17T14:07:52.000Z"
    },
    {
      "shortPath": "l2/eteste.defs.ts",
      "versionRef": "0e9fc8e3be9c9bb48ee844003e590b0361661476",
      "Length": 80,
      "update_at": "2025-11-17T14:07:52.000Z"
    },
    {
      "shortPath": "l2/eteste.less",
      "versionRef": "4404d4b36cf999f7ce4b543a62f9c36818e19956",
      "Length": 131,
      "update_at": "2025-11-17T14:07:53.000Z"
    },
    {
      "shortPath": "l2/folder1/ateste.defs.ts",
      "versionRef": "e35d44af298c53024c3b5b66b9c204de7e11ae7e",
      "Length": 87,
      "update_at": "2025-08-04T18:29:49.000Z"
    },
    {
      "shortPath": "l2/folder1/ateste.html",
      "versionRef": "dca54c5b54cdd491217ba763a8377d51e81eb239",
      "Length": 49,
      "update_at": "2025-08-04T18:29:49.000Z"
    },
    {
      "shortPath": "l2/folder1/ateste.less",
      "versionRef": "5eab3b4815d60791e31e70afb1b39fb5ae050dc1",
      "Length": 165,
      "update_at": "2025-08-04T18:32:04.000Z"
    },
    {
      "shortPath": "l2/folder1/ateste.test.ts",
      "versionRef": "6872252199d3b8cc3f38c6fee6482a6b9e05de5b",
      "Length": 255,
      "update_at": "2025-08-04T18:29:49.000Z"
    },
    {
      "shortPath": "l2/folder1/ateste.ts",
      "versionRef": "61717bbf5ca041dec69a9801923bb4ac36e313af",
      "Length": 642,
      "update_at": "2025-11-17T14:07:50.000Z"
    },
    {
      "shortPath": "l5/project.json",
      "versionRef": "4a432f0cee62f30004d1b0f0a8e80dd4208c27ef",
      "Length": 365,
      "update_at": "2025-07-02T14:17:13.000Z"
    },
    {
      "shortPath": "l0/package.json",
      "versionRef": "6ec8621a1b7fbcf40592fffb9e6e9fe25a53d46b",
      "Length": 470,
      "update_at": "2025-07-02T14:17:10.000Z"
    },
    {
      "shortPath": "l0/tsconfig.json",
      "versionRef": "6a95f6e8d8e3042af5f58de9c691a455a7221647",
      "Length": 1191,
      "update_at": "2025-07-02T14:17:11.000Z"
    }
  ]
}